<CATALOG>
    <CD>
        <TITLE>                      </TITLE>
        <ARTIST>              </ARTIST>
        <COUNTRY>       </COUNTRY>
        <COMPANY>              </COMPANY>
        <PRICE>        </PRICE>
        <YEAR>        </YEAR>
    </CD>
    <CD>
        <TITLE>                      </TITLE>
        <ARTIST>              </ARTIST>
        <COUNTRY>       </COUNTRY>
        <COMPANY>              </COMPANY>
        <PRICE>        </PRICE>
        <YEAR>        </YEAR>
    </CD>
    <CD>
        <TITLE>                      </TITLE>
        <ARTIST>              </ARTIST>
        <COUNTRY>       </COUNTRY>
        <COMPANY>              </COMPANY>
        <PRICE>        </PRICE>
        <YEAR>        </YEAR>
    </CD> 
    <CD>
        <TITLE>                      </TITLE>
        <ARTIST>              </ARTIST>
        <COUNTRY>       </COUNTRY>
        <COMPANY>              </COMPANY>
        <PRICE>        </PRICE>
        <YEAR>        </YEAR>
     </CD>
</CATALOG>

